1.8095355224609375,1.2774437255859374,1.3643213500976563,1.6979897063994114,1.2767995758816195,1.062792304037235,1.6831329345703125,1.1793827514648438,0.8264306945800781,1.659502685546875,1.1537254638671874,0.7865040893554688
1.8095830688476564,1.2772372436523438,1.36440625,1.6978828852804497,1.2766050117505374,1.0630256503484048,1.6832506713867188,1.179329772949219,0.8265287170410156,1.6595422363281251,1.1534625244140626,0.7868812866210938
1.8096008911132813,1.2769615478515626,1.3644380493164063,1.6975648459432913,1.276463572043692,1.063339851907727,1.6833218383789061,1.1791705322265624,0.8267164001464844,1.6595440673828126,1.1531036376953125,0.7873532104492188
1.8096019287109375,1.2767079467773437,1.3645382690429688,1.697320553392702,1.2763053301950524,1.063533581967018,1.68334130859375,1.17886279296875,0.8270213928222656,1.6594715576171875,1.1526507568359374,0.7878298950195313
1.80958935546875,1.276482421875,1.3646426391601563,1.6970337496775287,1.2761489114854434,1.0637667370949753,1.6833529663085938,1.1783751220703125,0.8274564819335938,1.6593502197265626,1.151978759765625,0.7884202270507813
1.8096265258789064,1.2761868286132811,1.3647334594726561,1.6966216584012863,1.2760142549169033,1.064102815543968,1.6832042846679687,1.1777861938476564,0.8280092163085937,1.6592359619140626,1.1512099609375,0.7890360107421875
1.8096229248046876,1.2758650512695313,1.3647995605468752,1.6961559729302251,1.2758481493017477,1.0643229121548452,1.6830478515625,1.1770215454101562,0.8286793518066407,1.6591115722656251,1.1502406005859376,0.7897612915039063
1.8095698852539064,1.2756246337890627,1.3649417114257814,1.6956684445530879,1.2756884856165849,1.064741650831105,1.6827694091796874,1.17617578125,0.8292459106445312,1.65880810546875,1.1492811279296875,0.790475830078125
1.8094953002929688,1.275359375,1.3650306396484377,1.6952462967701942,1.2755515875677215,1.0649356354288024,1.682390380859375,1.1752118530273439,0.8298684387207031,1.6584206542968751,1.1483680419921876,0.791235107421875
1.8094241943359375,1.2750732421875002,1.3651523437500002,1.69489946866403,1.2754244030507604,1.065171798372917,1.6819036254882813,1.1741295776367187,0.8304344482421875,1.657956787109375,1.14714306640625,0.7920451049804688
1.8092834472656252,1.2747412719726563,1.3652573852539063,1.694400854679938,1.2752891564324034,1.0655224937471761,1.681333740234375,1.1727852172851563,0.8311667175292969,1.6574100341796876,1.145967041015625,0.7930418090820313
1.8092341918945314,1.274278076171875,1.3653585815429687,1.6939776450922108,1.275096219730396,1.0657663243609106,1.6809608764648436,1.1715865478515626,0.8318368225097656,1.6568336181640626,1.144590576171875,0.7940208740234375
1.8091439208984377,1.273851806640625,1.3654223022460936,1.6937409663833334,1.2748445727033775,1.0659427706187472,1.6803335571289062,1.1701533813476561,0.8325111694335938,1.655952880859375,1.1430637207031251,0.7952186889648437
1.8089309082031249,1.2736502075195313,1.3655778808593748,1.6931584432660174,1.274457544974716,1.0662003522471373,1.67971875,1.168637939453125,0.8334763488769532,1.6547919921875,1.1413514404296876,0.7964176025390625
1.8088643798828126,1.2732918701171876,1.365652587890625,1.6924025776909495,1.2738215289396122,1.0665564059256758,1.6791245117187499,1.1667988281250001,0.8343091735839845,1.6538408203125001,1.13924951171875,0.7976356811523437
1.80875537109375,1.272954833984375,1.3657091064453124,1.6918286948129961,1.2733831897175039,1.066884473950605,1.6782338256835938,1.1648701782226563,0.8353417053222656,1.6531470947265625,1.1370174560546875,0.7989572143554687
1.8086441650390626,1.2726080932617188,1.3657363891601562,1.6913341078291875,1.2728764932189176,1.0669590900604158,1.67736279296875,1.1627771606445312,0.8364723205566407,1.6519770507812501,1.1343040771484376,0.8003732299804688
1.8084963378906251,1.27213134765625,1.3658191528320311,1.6903422576924714,1.272055523881583,1.0674095822790435,1.6761910400390625,1.1602957153320312,0.8375866088867188,1.6507325439453124,1.13143408203125,0.80213720703125
1.80827490234375,1.2715682983398438,1.3658164672851563,1.689814317697991,1.2715646327300945,1.0674215016527102,1.6750926513671875,1.1577063598632813,0.838876922607422,1.649105712890625,1.128353515625,0.80401123046875
1.8081041259765627,1.2710348510742189,1.3658646240234376,1.6889099862021437,1.2707610531457407,1.0676747285441268,1.6737088623046876,1.1549479980468749,0.8401998596191407,1.647628173828125,1.125251708984375,0.8058921508789063
1.807926513671875,1.2704419555664064,1.3658323974609374,1.6879983425042178,1.2698152766736805,1.0679455516626806,1.6725277099609375,1.1518222045898439,0.8416781311035156,1.64618017578125,1.121678466796875,0.8079437866210938
1.8077896118164063,1.2698094482421876,1.3658417358398438,1.6870346374971557,1.2688918003378897,1.068193317434361,1.6709887084960937,1.1486925659179688,0.8432715148925781,1.644606689453125,1.11810546875,0.809956787109375
1.807722900390625,1.269131103515625,1.3659113159179688,1.6858509969291124,1.267658683113429,1.0686484581804907,1.6696736450195313,1.1451641235351562,0.8447954406738282,1.64283447265625,1.114257080078125,0.8122415161132812
1.8076057128906249,1.26846875,1.365950927734375,1.6846909409151156,1.2661745158274038,1.0689010788176183,1.6678935546875,1.1414365844726562,0.8465211486816406,1.6409642333984376,1.109945068359375,0.8147268676757813
1.8072920532226564,1.2677730712890625,1.366044189453125,1.6833456407371685,1.2645641375986505,1.0691175965464197,1.6662951049804686,1.137398986816406,0.8482427673339844,1.6391336669921874,1.105453369140625,0.81715234375
1.8070535278320312,1.2669476928710939,1.3661525268554688,1.6820032512279912,1.2626854175195577,1.0695338913979027,1.664332275390625,1.1330378417968752,0.8500065002441406,1.6369422607421875,1.1006835937500001,0.8194158325195313
1.8067698364257812,1.2659638061523437,1.366262878417969,1.6804723740387384,1.260424969129967,1.0695714736699269,1.6623016967773439,1.128444580078125,0.8515664367675781,1.634793212890625,1.0957897949218751,0.8217673950195312
1.8064303588867188,1.2652465209960937,1.3663378295898436,1.6790015035933552,1.257874434196409,1.0697521084944293,1.659869873046875,1.1234852294921875,0.8534021301269532,1.632222900390625,1.09049853515625,0.8241661987304688
1.8060861206054688,1.26428466796875,1.3664537963867187,1.6771934299030251,1.2549503029685272,1.069869420820333,1.6576554565429689,1.11809765625,0.8551253051757812,1.629593994140625,1.08496337890625,0.8262977905273438
1.8057872314453125,1.2631472167968751,1.3664658203125,1.675302623508453,1.2516301036286128,1.069978914748594,1.6549869384765625,1.112672790527344,0.8567288818359375,1.6274583740234376,1.079025146484375,0.8283826904296875
1.8054620361328126,1.2621290893554686,1.366450378417969,1.6733203594803723,1.2479665258303207,1.069943427074043,1.6519387817382813,1.1068155517578124,0.8583746643066407,1.62462939453125,1.0729975585937501,0.8307095336914063
1.8051510620117188,1.2611324462890625,1.3663766479492188,1.671585733001411,1.244036085842331,1.0703238215099873,1.6490811767578126,1.1007491455078124,0.8599956359863281,1.6213828125,1.0666373291015625,0.8329513549804688
1.8045803833007814,1.2599681396484375,1.3663641357421876,1.6694756857068174,1.2395596015844794,1.070264130342316,1.6460928344726562,1.0944760131835938,0.8616580200195312,1.6179869384765626,1.0600986328125,0.835342529296875
1.803867431640625,1.25897412109375,1.3662394409179688,1.6675509215193134,1.2349454453158095,1.0702288231442654,1.6427013549804688,1.0876538696289062,0.8632357482910157,1.6144942626953125,1.0531407470703125,0.837656494140625
1.803360107421875,1.2575064086914063,1.36628466796875,1.6655538428790644,1.229944350005323,1.0701943885525613,1.6393789672851562,1.0806851806640625,0.8649370422363282,1.61108154296875,1.0457457275390625,0.8402559204101563
1.8026218872070312,1.25616357421875,1.3661003417968751,1.6638118350503628,1.2249470074331459,1.0706150691900178,1.6359570922851563,1.0735653076171876,0.8664818420410156,1.6077208251953126,1.0382833251953125,0.842496826171875
1.8019674072265626,1.2543486328125,1.366062744140625,1.6611403867267251,1.2190280113763834,1.0704143221235909,1.6324821777343752,1.0660047607421874,0.8680220336914063,1.6040892333984376,1.0308013916015626,0.8447271728515625
1.801020690917969,1.252539794921875,1.3658814697265624,1.6588462185149626,1.2131538511340145,1.0703550484483644,1.629067626953125,1.058369384765625,0.8695594482421876,1.60018505859375,1.0230853271484375,0.8469790649414063
1.8001397094726563,1.2510477905273438,1.3655884399414062,1.656549874174282,1.2070780276996012,1.0703211388724891,1.625359313964844,1.050337646484375,0.8711142272949219,1.5955576171875,1.0149254760742188,0.8498311157226562
1.7990138549804688,1.2485488281250001,1.3653713989257814,1.654002584850419,1.2007694076909852,1.070410209164582,1.6217947998046875,1.0422801818847658,0.8726244506835938,1.5914029541015626,1.0067658081054687,0.8523783569335938
1.7979907836914064,1.2463999633789062,1.3651693725585938,1.651506429350517,1.1941959227895695,1.0700104881728851,1.6179902954101562,1.0336983032226563,0.8740902099609376,1.58766748046875,0.9981852416992187,0.8547470092773438
1.7967454833984375,1.2440289916992189,1.3647893676757814,1.648889640931918,1.1874900596496578,1.069975369280503,1.6141424560546875,1.0252804565429687,0.8755450134277344,1.583425048828125,0.9895948486328126,0.8572887573242187
1.7953305053710937,1.2414323120117188,1.3643768920898438,1.6462778980382644,1.1806609849310483,1.0697381104098305,1.6100908813476562,1.0166380310058594,0.8770491333007813,1.578746337890625,0.980962158203125,0.8596240234375
1.7939389038085938,1.238910400390625,1.3638538208007813,1.6436373499231798,1.1737129311816197,1.0692623706940059,1.6062471313476563,1.007859619140625,0.8784221801757812,1.5747947998046876,0.9721405029296876,0.8619066772460938
1.7923941650390625,1.2360145263671876,1.3633583984375,1.6408828716629087,1.1664218655798724,1.0690012729478557,1.6022154541015627,0.9990708923339844,0.8798266601562501,1.5705716552734375,0.9631791381835938,0.8641937866210938
1.7907039794921875,1.232892578125,1.3628446655273438,1.6380868816454084,1.1592825844372385,1.0684690673272783,1.5983258056640626,0.9901559143066406,0.8810902709960937,1.5667332763671875,0.954080322265625,0.8663499755859375
1.7889979248046877,1.2297822265625,1.3620687255859374,1.6354415106747044,1.1517581038145528,1.0679918057956193,1.5946093139648436,0.9811036071777344,0.8821792602539062,1.5628720703125,0.9448848876953125,0.86844677734375
1.7871633300781251,1.2263812255859374,1.3612861328124999,1.6325900386353793,1.1441238056343326,1.0676644821589596,1.5907933959960938,0.972055908203125,0.8832114562988282,1.55911279296875,0.9357232055664063,0.8702635498046876
1.7851423950195313,1.2226676025390626,1.3603562622070313,1.629904451735674,1.1367555054395089,1.0670051326251897,1.5871618041992188,0.9630153198242187,0.8840107421875,1.5555184326171876,0.9265234375,0.871833740234375
1.7829833374023436,1.21897265625,1.35943408203125,1.6269887592722467,1.1291665934509063,1.0659428108140838,1.5835693969726563,0.9540570373535155,0.8847279663085938,1.5517296142578125,0.9173321533203125,0.8734473266601562
1.7807879638671875,1.2149111328125,1.35836572265625,1.6241593918870378,1.1214550837178794,1.06502296916861,1.5800938720703126,0.9449434204101563,0.8851373901367188,1.5482647705078125,0.9081755981445313,0.8747732543945312
1.7784412841796875,1.210680480957031,1.357107177734375,1.6215942474480034,1.1138015114501936,1.0637195780078648,1.5766052856445314,0.9358409118652344,0.8854787902832031,1.5448792724609375,0.8989927978515625,0.875833984375
1.77618896484375,1.20645703125,1.3556287841796877,1.6184977996424106,1.10598861259882,1.062606063426093,1.573171875,0.9269187927246094,0.8855162658691407,1.5416099853515626,0.8898764038085938,0.8767556762695312
1.7737988281250001,1.2020778198242188,1.354188720703125,1.6157927448865914,1.0982361377330212,1.0611921732912724,1.5699466552734376,0.9179955444335938,0.8853406066894531,1.538254638671875,0.8808665161132813,0.8771521606445313
1.7711724243164064,1.1974575805664063,1.3525468139648438,1.6129325177119174,1.0904353002502516,1.0597091278338318,1.5667599487304686,0.9091272583007812,0.8849146423339844,1.535240478515625,0.8717911987304687,0.8774313354492188
1.7686582641601563,1.1928590698242187,1.3507440795898438,1.6102422210719787,1.082833834878875,1.057861571175617,1.56343408203125,0.9003065490722657,0.8843071899414063,1.5326253662109375,0.8626425170898437,0.8775726318359375
1.7660885009765626,1.1882686767578123,1.348806396484375,1.607354918618211,1.0749080884757531,1.0562003938591322,1.5603534545898436,0.8916814270019532,0.8833942260742188,1.5295560302734375,0.8539513549804688,0.877061767578125
1.7632977294921877,1.18328466796875,1.3466954956054686,1.6044506734480941,1.0669471577633178,1.0542189677079539,1.5571347656249999,0.8831033630371095,0.882144287109375,1.5267689208984376,0.8451858520507812,0.8763059692382813
1.7607393188476563,1.1783498535156252,1.3443035888671875,1.601880039022226,1.0592458897001846,1.052116461720819,1.554134033203125,0.8745415954589844,0.8806455993652345,1.523884521484375,0.8366329956054688,0.8750914306640625
1.7581267700195313,1.1732493896484375,1.3418500976562502,1.5989814346001199,1.0513423629744267,1.049458501441645,1.5512029418945312,0.8662289123535156,0.8789669494628907,1.5211502685546876,0.828264404296875,0.873817626953125
1.7552150878906252,1.1682253417968749,1.339291259765625,1.5961373602610673,1.0435922260878037,1.0467753618357445,1.5482149047851563,0.8578733825683593,0.8768853149414062,1.5180025634765626,0.8196748657226562,0.8724971923828125
1.752850341796875,1.1628030395507811,1.3364203491210938,1.5934052157314584,1.0360089942265591,1.0441241439722218,1.5454827270507812,0.8495869140625001,0.87463916015625,1.51541162109375,0.811507080078125,0.8704046020507813
1.7499259643554688,1.1575479125976562,1.333528564453125,1.5907345100545185,1.0283839462296436,1.0408617998733036,1.542629638671875,0.8416261291503906,0.8720852355957032,1.5128072509765624,0.8031642456054687,0.8686375732421875
1.7474957885742188,1.1522380371093752,1.3303803100585938,1.5877249552320076,1.0209313831894522,1.0376527793975834,1.5399913940429688,0.8336485290527345,0.8694861450195313,1.5103521728515625,0.795001708984375,0.8664404907226563
1.7447788696289064,1.1465028686523437,1.3273605346679689,1.5851611231536364,1.013793328576436,1.0343035022402534,1.53740966796875,0.8258414001464844,0.8664924926757813,1.5080272216796875,0.7870409545898438,0.8638093872070313
1.7422880859375,1.1410515136718749,1.3239887084960937,1.58233647988419,1.0064940744656445,1.0308569336428974,1.534875244140625,0.8183257141113282,0.8633494262695314,1.5061048583984376,0.7793849487304688,0.8612302856445313
1.7394330444335937,1.1355144653320313,1.3206452636718748,1.5795484652245568,0.9995793047558335,1.0270024750769353,1.532498046875,0.8107417297363282,0.859945068359375,1.5033634033203125,0.7715868530273438,0.858419921875
1.7370879516601563,1.1293948974609376,1.3171082763671875,1.5772011925550729,0.9927991186849977,1.0230933990945026,1.5302852783203127,0.8035931701660157,0.856535614013672,1.5013902587890626,0.7642001953125,0.855116943359375
1.7346477661132813,1.12391455078125,1.3135729370117186,1.5744974309774782,0.9857668033083087,1.0194291387699832,1.5279511108398438,0.7967749938964844,0.8523794555664063,1.49978466796875,0.7571087646484376,0.8519116210937501
1.7321106567382814,1.118595947265625,1.3099032592773439,1.5725490014263988,0.9793813569111949,1.0154771655055401,1.5258895263671874,0.7901445922851562,0.8483883972167969,1.4978736572265625,0.7502724609375,0.848412353515625
1.7299042358398438,1.1134950561523438,1.306181884765625,1.5703249413871192,0.972742664106094,1.0114446648918665,1.5241268310546876,0.783801513671875,0.8443277893066407,1.4963184814453125,0.74387841796875,0.8448358764648438
1.7275438842773438,1.1089204101562502,1.3026299438476563,1.5682587865815378,0.9664404216345411,1.0081209707723384,1.5225506591796876,0.7771794128417968,0.8404381408691406,1.4947900390625,0.7376621704101562,0.841201904296875
1.725411376953125,1.104361022949219,1.2988758544921875,1.5662227198246703,0.9603747681093867,1.004123587141212,1.5203650512695313,0.7717037048339844,0.8363442687988282,1.49353173828125,0.7315496215820313,0.8375471801757812
1.7230386352539062,1.1001901855468752,1.2950938110351562,1.564624443078354,0.9544292411427112,1.0004203209506728,1.5187453613281252,0.7658305969238282,0.8325699462890626,1.4922486572265625,0.7257454223632812,0.8336565551757813
1.7206779174804687,1.0962552795410156,1.2912274780273436,1.5629323686604433,0.9484495503516138,0.9964250737897485,1.5172246704101564,0.7602740173339844,0.8278194885253907,1.4909122314453125,0.7201109008789063,0.8297444458007812
1.7185352783203125,1.0924864501953124,1.2875679931640627,1.561464695364782,0.9428212731921404,0.9926211659319083,1.5159461669921876,0.7548669433593751,0.8239825439453126,1.4900584716796876,0.7147945556640625,0.8260957641601563
1.7162789306640627,1.088945526123047,1.283725341796875,1.5600951275954376,0.9375303899246813,0.9890315983450304,1.5147666015625,0.7500491027832031,0.819543212890625,1.4890540771484375,0.709675048828125,0.8222622680664062
1.713982666015625,1.0855255126953125,1.280142822265625,1.558860114273823,0.9325517808741165,0.9852246290061896,1.5139302978515625,0.7451647338867188,0.815711669921875,1.4882821044921875,0.7049332275390625,0.8187074584960937
1.7118475952148438,1.0822828674316405,1.2767653198242188,1.5576739724822832,0.9277019933354544,0.9817250195513835,1.5132506103515624,0.7406694030761719,0.8120441589355469,1.4879345703125,0.700369384765625,0.8152960205078125
1.7097354125976563,1.079244842529297,1.2735108032226563,1.5566642189503068,0.9233982234992705,0.978301628184713,1.5125780029296876,0.7368410034179688,0.8078914489746094,1.487194580078125,0.6962320556640625,0.811826416015625
1.707880859375,1.076316925048828,1.2703920288085937,1.5557667721162547,0.9192606274421771,0.9751324058803756,1.511993103027344,0.7326449279785157,0.8045201416015625,1.4870023193359376,0.6921464233398438,0.8088035888671875
1.7058497924804688,1.0736143188476563,1.2676188354492188,1.5549239008893332,0.9155090333652303,0.9718313801984512,1.5117805175781251,0.7293722534179687,0.8010405883789062,1.486960205078125,0.688500244140625,0.8054086303710938
1.7036416625976563,1.0710126342773438,1.2647813720703125,1.554294557788349,0.9119959021722223,0.9688238191814234,1.5116257324218751,0.7258173828125001,0.7979612121582031,1.4871597900390625,0.6851826171875001,0.8020928955078125
1.7016464233398438,1.0685581665039061,1.2621832885742188,1.5537690079596238,0.9088634371675797,0.965803977636977,1.5114121704101562,0.7228839416503907,0.7946170043945313,1.4869512939453124,0.682092529296875,0.798778076171875
1.699646484375,1.0662844848632813,1.2596197509765625,1.5533328475385635,0.9060427995224309,0.9627545953866113,1.511678466796875,0.7202445068359375,0.7913168945312501,1.4872894287109375,0.6794803466796875,0.7953990478515626
1.697723876953125,1.0643227233886718,1.2572778320312499,1.5527943656745076,0.9032025983853161,0.9600297319821561,1.5116572875976564,0.7180565795898437,0.787787109375,1.4874625244140625,0.6769628295898438,0.7920906372070312
1.6958461303710939,1.062371337890625,1.2551403198242188,1.5524454952893108,0.9008763341349287,0.9571334479136048,1.5119110717773439,0.7158589782714844,0.7846543579101564,1.4876051025390626,0.6748177490234375,0.7886069946289063
1.6938251953125,1.0604849853515625,1.2531529541015625,1.551883489042368,0.8984288288077084,0.9545457504984632,1.5120925903320312,0.7136918334960938,0.7822142944335938,1.4879981689453126,0.672839111328125,0.7851141967773437
1.6916059570312498,1.058800476074219,1.2508135375976563,1.5515876512546631,0.8966309135969386,0.9519412195797318,1.5121824340820313,0.7122226257324219,0.7787479858398438,1.4881822509765625,0.6710845947265626,0.7815211791992188
1.689917724609375,1.0568811950683594,1.2490418090820312,1.5510694500940103,0.8947419733596217,0.9493575077858307,1.5126195068359376,0.7108663330078125,0.7756346740722656,1.4882962646484375,0.66954931640625,0.7775932006835937
1.6880840454101564,1.0551580505371092,1.2472723999023438,1.5508677322651556,0.8934876255413248,0.9468072896010091,1.5130524291992187,0.7095343017578125,0.7727008666992188,1.4885664062500001,0.6685741577148437,0.7736162719726563
1.6861413574218749,1.0535516052246094,1.2456968383789062,1.5505570176633758,0.8922698433695878,0.9442968180370152,1.513921630859375,0.7092918701171875,0.7691270446777344,1.48971826171875,0.6681758422851563,0.769672119140625
1.6840132446289062,1.051895538330078,1.2440824584960937,1.5505858860442157,0.8912162846510929,0.9416899383280928,1.515208984375,0.7095420532226563,0.7653922119140626,1.4909195556640624,0.6684693603515626,0.7664417724609375
1.6820247802734376,1.0504273681640626,1.2427593994140627,1.5508121752169135,0.8905417633662601,0.9395588281486793,1.5158257446289063,0.7109139099121093,0.7609761962890624,1.49252001953125,0.6695463256835937,0.76444482421875
1.6804976196289063,1.0490050048828126,1.2415565795898438,1.550977400569863,0.8900519238814041,0.9369846892415711,1.5164773559570313,0.7114297790527344,0.7583500366210938,1.4930528564453125,0.6708040161132812,0.76316162109375
1.6785023193359376,1.0479007873535156,1.240680419921875,1.5511541064302403,0.8900828157835801,0.9351187717836648,1.5167644653320314,0.7113150634765625,0.7569782409667969,1.4928302001953124,0.6714375610351563,0.7626008911132812
1.6767113037109374,1.046904296875,1.2398426513671876,1.5506577248382232,0.8903362427043815,0.9332934804944221,1.5168834838867187,0.7109483947753907,0.7566599426269531,1.492611328125,0.6711524047851563,0.7623638305664062
1.6749595947265625,1.0460849609375,1.2392515258789063,1.5501840412710188,0.8909355918636734,0.9323879231651344,1.5165354614257813,0.7111531066894532,0.7558881530761719,1.4923668212890626,0.671013671875,0.7621082153320312
1.673406494140625,1.0454552001953126,1.2390569458007814,1.5496616217580585,0.8918274611346829,0.9319410418275067,1.516376892089844,0.7115281372070312,0.7556050109863282,1.4921143798828125,0.6714557495117187,0.7619881591796875
1.6715918579101563,1.0451210021972657,1.238898193359375,1.5487605114923348,0.8920618589338017,0.9315308074898775,1.51593017578125,0.7119395446777343,0.7554129028320313,1.4916607666015624,0.6720056762695312,0.7619625854492188
1.6701845703125,1.0447409057617187,1.23903564453125,1.547865964520749,0.8923858177555969,0.9317592494043198,1.5154844360351563,0.7123275756835938,0.7552127990722657,1.4911755371093751,0.6724390869140625,0.7619594116210938
1.6687759399414062,1.0442948608398437,1.2395077514648438,1.5468853811450423,0.8924571607299931,0.9319496963577386,1.5150773315429689,0.7125095520019531,0.7554411315917968,1.4907357177734375,0.6729078369140625,0.7619210205078125
1.6669733886718752,1.0442619628906251,1.2396711425781248,1.5458673714839086,0.8920461965495279,0.9321931588090878,1.5147421875,0.7127038879394532,0.7552988586425782,1.4904791259765626,0.6732147827148438,0.7619056396484375
1.6649919433593752,1.0441849365234375,1.2401057739257813,1.544856118903717,0.8915977851132204,0.9327790291940331,1.5145667724609375,0.7129219970703126,0.7550285034179688,1.4902412109375,0.6734125366210938,0.7618616943359375
1.6635616455078126,1.04365234375,1.2407077026367186,1.544010656777828,0.8910700436951905,0.9334611062094853,1.514738037109375,0.7127590942382813,0.7550826721191406,1.4900751953125,0.6734680786132813,0.761814697265625
1.6620938720703125,1.0432156982421876,1.2412608032226564,1.5431079591890893,0.8901094200478499,0.9340617060244457,1.5143945922851563,0.713048553466797,0.7541867370605468,1.4900467529296875,0.6734709472656251,0.761805908203125
1.660424011230469,1.0428035583496094,1.2417059326171875,1.5424532476507211,0.8894979735200294,0.9345242742991176,1.5144030761718752,0.7130198364257813,0.7541202087402343,1.4900765380859375,0.6734354248046875,0.7618063354492187
1.6590406494140626,1.0425453796386719,1.242152282714844,1.5421799293423128,0.8888727341086189,0.9349008418576281,1.5144551391601562,0.7127402954101563,0.7545335693359375,1.4900611572265625,0.6734332885742188,0.7617835693359375
1.6577433471679688,1.0421393127441407,1.2426595458984375,1.5417755121952863,0.8883012154563217,0.9354829874644504,1.5143217163085938,0.7125626220703125,0.7544725952148438,1.490082763671875,0.6734310913085938,0.7618057861328125
1.6569921875,1.0420657653808594,1.2428630981445314,1.541338922839051,0.887667580289502,0.93607823372542,1.5143929443359374,0.7127497253417969,0.7539407653808594,1.4899891357421875,0.6734534301757813,0.7617626953125001
1.655247009277344,1.0416207275390625,1.2438501586914064,1.541034723260278,0.8869492598319122,0.9366841076897825,1.5142860107421876,0.7124701843261718,0.7539920349121094,1.4899661865234375,0.6734838256835938,0.7617880249023438
1.6538739013671875,1.0412713928222657,1.2445178833007813,1.5407443615381813,0.8862343263672942,0.9371435165109953,1.5142645263671874,0.7123994750976563,0.753921142578125,1.4898917236328126,0.6735093383789063,0.7617978515625
1.65272119140625,1.0409981079101562,1.2450559692382812,1.540694325126251,0.8855990754769827,0.9376681551825055,1.5142557983398437,0.7123715209960937,0.753799560546875,1.4898026123046875,0.6735226440429688,0.7617649536132812
1.6521710815429689,1.0409690551757813,1.2452271728515625,1.5404322568920708,0.8848939062596779,0.9382650484066957,1.5143021240234376,0.7123671569824219,0.7537762451171874,1.489768798828125,0.6736134033203125,0.7617760620117188
1.6502402954101563,1.0406107788085937,1.2460971069335938,1.5401038975725305,0.8843366308766412,0.9389956148283309,1.5142889404296875,0.7124022521972657,0.75375390625,1.4896562500000001,0.6736901245117187,0.7617273559570312
1.6491484985351563,1.0405449829101563,1.2466244506835937,1.53976708234012,0.8836841659852301,0.9395703719026426,1.5142525024414062,0.7124214477539064,0.7537432250976562,1.4896334228515626,0.6737776489257813,0.7617453002929687
1.647958984375,1.0404354553222657,1.2471801757812502,1.5391725440968618,0.8829033662900545,0.940209829817496,1.5142179565429688,0.7124522705078125,0.7536943359375,1.4896055908203125,0.6738861694335938,0.7617203979492188
1.64669482421875,1.0402889099121093,1.24773046875,1.5387352827624752,0.8823624216565407,0.9408308631399392,1.5141907958984375,0.7124956359863281,0.75373193359375,1.4895689697265626,0.6739736938476563,0.7617215576171875
1.645858642578125,1.0401893005371092,1.2481345825195314,1.5384192253131992,0.882064018308035,0.9416695345998516,1.5141801147460938,0.712465576171875,0.7537440185546875,1.4895421142578125,0.6740051879882812,0.7616966552734376
1.644928466796875,1.0400259399414062,1.2486043090820313,1.5379970172917814,0.8813805713085027,0.9422986079914268,1.5141259765625001,0.7123787841796875,0.7537355346679688,1.4894478759765626,0.67402685546875,0.7617036743164063
1.6437814331054688,1.0398439025878905,1.249099548339844,1.5375275006642304,0.8806095258955748,0.9426695806738161,1.5141461181640625,0.7123139953613281,0.7537280883789063,1.489400634765625,0.6740393676757812,0.761716796875
1.6429026489257814,1.039741180419922,1.2494717407226563,1.5372412764746317,0.8800977356808806,0.9430139792578205,1.5141033325195314,0.712179931640625,0.7537155456542969,1.4893389892578126,0.6740076293945313,0.76171044921875
1.6422567749023438,1.0395863037109376,1.2497894287109377,1.53687798594611,0.879392371148802,0.9435615546985188,1.5140647583007811,0.7122262268066406,0.7534061584472656,1.4893505859375,0.6739713745117187,0.7617490844726562
1.6413916625976563,1.0394638061523438,1.2500882568359375,1.536737263209831,0.8789024763523179,0.9439781605884603,1.5140529174804689,0.7121797485351562,0.75338037109375,1.4892965087890626,0.6739474487304687,0.7617655029296875
1.6404168701171875,1.039336853027344,1.2503555297851563,1.5366350291244784,0.8784860127759822,0.9442570705966502,1.5140247192382814,0.712130859375,0.7533492736816406,1.4892991943359375,0.6739459228515625,0.7617806396484376
1.6396258544921876,1.0392897644042969,1.2505588378906252,1.5364445553219068,0.8780578424344102,0.9443887482410979,1.5140453491210937,0.7119013977050781,0.7536493225097656,1.48928955078125,0.6739381103515625,0.7617998657226562
1.6388668212890627,1.039253387451172,1.2507958984375,1.5362962065666046,0.8777330619110477,0.9445827347899981,1.5140885009765626,0.7118310852050781,0.7537666015625,1.4892950439453125,0.6739263916015625,0.7617814331054688
1.6382011108398438,1.0392947692871095,1.2509533081054687,1.5361976878605885,0.8775199977939868,0.9447697497882219,1.5140842895507813,0.7118365173339845,0.7537400512695313,1.4893402099609376,0.6739804077148438,0.7618074340820312
1.6375401611328124,1.0393279113769531,1.2510645751953124,1.5360707199409627,0.877406878058069,0.9449615907208793,1.5141656494140625,0.7118453063964845,0.7537634582519532,1.48928759765625,0.6740405883789062,0.7618348999023438
1.6369334716796875,1.0392904663085938,1.2511427001953126,1.5359208107689315,0.8773132762566094,0.9450683177410946,1.5140802001953126,0.7119252929687501,0.7536946105957032,1.4892744140625,0.674131591796875,0.761892578125
1.6362975463867189,1.0392867431640624,1.2512337646484375,1.5357275889384367,0.8772147307266999,0.9452006665758095,1.5140794677734375,0.7119772033691407,0.7536202392578124,1.4892513427734375,0.6742006225585938,0.7619160766601563
1.6357564086914063,1.0392478942871093,1.2513194580078126,1.5354743297287443,0.8771149729688116,0.9453936888486336,1.5140274658203126,0.7120365905761719,0.7536142578125,1.48925634765625,0.6742667846679687,0.7619512329101563
1.635166687011719,1.0391954345703125,1.2513916015625,1.5351952412663386,0.8770036048164176,0.9454553788118503,1.5139678955078124,0.7123147583007813,0.75307421875,1.489194580078125,0.6743209228515625,0.7619661254882812
1.6345113525390627,1.0392505187988281,1.2514354858398438,1.5349374306132568,0.8769510919143513,0.9454734393460373,1.5139234619140625,0.7122832336425782,0.7530933837890625,1.4891485595703124,0.6743402709960937,0.7619774780273437
1.6338952026367188,1.039284423828125,1.2514401245117188,1.534758182475783,0.8770186336750613,0.9454453380744061,1.5139387817382812,0.7122974548339844,0.7530368957519531,1.48917919921875,0.6743092041015625,0.7620057373046876
1.6333934936523438,1.0392639160156252,1.2515167236328124,1.5345004595304574,0.8770973068603932,0.9454821540206615,1.5139535522460936,0.71206298828125,0.7534580688476562,1.48921435546875,0.6743026123046875,0.7620117797851562
1.6331917114257812,1.0392252807617188,1.2515077514648438,1.5341079300314173,0.8770225809602037,0.9452865126167088,1.5139189453125002,0.7122990417480469,0.7529359130859375,1.4891993408203126,0.6742850952148438,0.7620343627929688
1.63238232421875,1.039255889892578,1.2515782470703125,1.5338308255826125,0.8771061368256378,0.945278914633402,1.5138713989257813,0.7123291625976562,0.7528994750976563,1.4891280517578125,0.6743319702148438,0.7620362548828126
1.6318038940429689,1.0392179565429687,1.2516603393554688,1.5336163695631087,0.877164559448983,0.9452939022399776,1.5138455200195313,0.7123517150878906,0.7528478698730469,1.48913818359375,0.6743757934570312,0.7620718383789062
1.63131103515625,1.0392154541015626,1.251754821777344,1.5334787070843463,0.8771962894664279,0.9451680928581468,1.5138433837890626,0.7124042358398438,0.7528374938964844,1.489120361328125,0.6744398193359376,0.7620374755859375
1.6308333740234375,1.0392742309570313,1.2517628784179688,1.5333718045808966,0.8772241630519562,0.9451507880891868,1.5138484497070313,0.7124369201660157,0.7528417053222656,1.4892222900390626,0.6745076904296875,0.7619985961914063
1.6305029296875002,1.0393297424316406,1.2518339233398437,1.5333184229559118,0.8773935084332657,0.9452249677300253,1.51386181640625,0.7124247436523438,0.7528080749511719,1.4894420166015625,0.6744922485351562,0.7618684082031251
1.6300423583984376,1.0394572448730468,1.2518021240234376,1.5331947833736996,0.8774601655557992,0.9452802713291727,1.5139002685546874,0.7124845581054688,0.7528094482421874,1.48908203125,0.6744749755859375,0.7621154174804687
1.629710388183594,1.0395682067871093,1.2518271484375,1.533044010426095,0.8775071592030064,0.945336208185182,1.5138779296875,0.712515625,0.7527431030273437,1.48883837890625,0.674556640625,0.7622940673828125
1.6293738403320313,1.039647216796875,1.2518771362304686,1.5330005426565256,0.8775049493271984,0.9453402992725735,1.5138753662109377,0.7125201416015625,0.752759490966797,1.488857421875,0.674576171875,0.7623128051757813
1.6289921875000002,1.0397728271484374,1.2519204711914065,1.532767948069013,0.8774714570743595,0.9452806816842053,1.513841796875,0.7125431518554688,0.7527266235351562,1.4888446044921875,0.6746072998046875,0.7623106079101563
1.6286007080078124,1.0399027709960937,1.2519776611328126,1.5324989985045885,0.8774680173118918,0.9452511655613196,1.5138103637695313,0.7125331115722656,0.752718505859375,1.4888848876953125,0.674583984375,0.7623237915039063
1.6283025512695313,1.0399523010253908,1.2520259399414062,1.5322021118305158,0.8774925635933272,0.9452685346093473,1.5137626342773438,0.7125203857421876,0.7526650695800781,1.4888385009765626,0.6745965576171875,0.7623452148437501
1.6279554443359374,1.040113006591797,1.2519800415039062,1.5318815617618362,0.8775185106741276,0.9451947068001408,1.5136758422851564,0.7125611267089844,0.7526743774414062,1.4887510986328125,0.6746334228515625,0.7623299560546876
1.6276858520507813,1.0402436828613282,1.2520311889648439,1.531758802228936,0.8776292656754605,0.9452988678843955,1.51371142578125,0.7125397033691406,0.7526614379882812,1.4887662353515625,0.6746226196289062,0.7623374633789063
1.6274511108398437,1.0403481140136719,1.2520292358398437,1.5316501972159489,0.8777717148657267,0.9453304272153971,1.5136495971679689,0.7125787658691407,0.7526383972167969,1.488771484375,0.6746083984375,0.7623236083984375
1.6272339477539064,1.040507568359375,1.2520380249023437,1.5315152032508859,0.8777230274634772,0.9452115224652607,1.5136222534179686,0.7126413574218751,0.7526039733886718,1.4884497070312501,0.6747357788085938,0.76255078125
1.62696533203125,1.0406657104492187,1.2520327758789063,1.531509245478437,0.877834592762532,0.9453530562111487,1.5136873168945313,0.7126768493652345,0.7525699462890625,1.4885093994140626,0.674797119140625,0.7625614624023438
1.62668896484375,1.0408572082519532,1.2520283203125,1.5315177443063857,0.8777851956078134,0.9453684264161906,1.5137618408203126,0.7126894531250001,0.7524623413085938,1.4885620117187501,0.6747811279296875,0.7625797119140625
1.6264853515625,1.0409974670410156,1.2520587158203127,1.531498076226998,0.877675486671683,0.9454083133131747,1.5141233520507813,0.7127132568359376,0.7522152404785156,1.4888382568359375,0.674677978515625,0.7623571166992188
1.6263009033203124,1.0410541076660156,1.2520145263671876,1.531488422373785,0.8776059875139269,0.9454296581841337,1.5140826416015625,0.7128586730957032,0.7522337036132812,1.4888587646484375,0.6747073974609376,0.7623720092773437
1.6260299072265625,1.0412482299804688,1.2520728759765625,1.5315051282261052,0.8775829714581963,0.9455108095631197,1.512150146484375,0.7124364013671876,0.7543670959472657,1.4884129638671875,0.6749512329101562,0.762765625
1.6258880004882812,1.0413367004394531,1.2520875854492188,1.5314808634250623,0.8774844229242712,0.9456184041505934,1.5121272583007812,0.7124511108398437,0.7543212585449219,1.4884393310546875,0.6749471435546875,0.7627881469726563
1.6256968383789063,1.0414407653808593,1.2520726318359374,1.5314369497992941,0.8772962940356145,0.9455532623757894,1.512132751464844,0.7124618225097656,0.7543741760253906,1.488444091796875,0.6749848632812501,0.76275048828125
1.6256300048828125,1.0414732666015625,1.2520440063476563,1.531433292857708,0.8773010987775328,0.945697943986154,1.5121702880859376,0.71244921875,0.7543314514160155,1.4884942626953126,0.6749013061523438,0.7626985473632812
1.6257397460937502,1.0413929138183593,1.2520123291015626,1.5314752503482407,0.8772049871764142,0.9457923034169113,1.5121263427734375,0.7124479064941407,0.7543630065917969,1.48853076171875,0.6748706665039063,0.7626159057617188
1.6253261108398438,1.0417716369628907,1.2521265869140625,1.5313679141939607,0.8769903657663074,0.9458272190527732,1.5121096191406251,0.7123766174316406,0.7544252014160157,1.4886676025390626,0.6748372192382812,0.7625679931640625
1.6263109741210937,1.040898895263672,1.2525928955078127,1.5314275883941186,0.8768875405522681,0.9459479921955777,1.5120869140625,0.7123857421875,0.7544458618164063,1.48871435546875,0.674841064453125,0.7625397949218751
1.6253431396484377,1.04174658203125,1.2520907592773438,1.5313537179233054,0.8767498420773074,0.9459660167723609,1.5120158081054689,0.7123679809570312,0.7544593200683594,1.4888267822265626,0.6747900390625,0.7624830932617188
1.6252627563476563,1.0418336181640626,1.252096923828125,1.5312159564666714,0.8766220528827146,0.9460511714443389,1.512265380859375,0.7121907653808595,0.7541801147460938,1.488874267578125,0.6747516479492187,0.7624081420898438
1.6257940063476564,1.041430633544922,1.2525691528320313,1.5314551181142313,0.876678419994325,0.9461890664680788,1.5120164794921875,0.7123829040527344,0.754505859375,1.4889915771484374,0.67473046875,0.7623710327148437
1.6256282958984376,1.0415721435546874,1.2525888671874998,1.531479805477114,0.8765204335874103,0.9460957339570264,1.5126350708007812,0.7125287475585937,0.7539607849121094,1.48905517578125,0.6747093505859375,0.762293701171875
1.62473486328125,1.0423556213378906,1.2520900268554689,1.5314687891412246,0.8764979189157448,0.9462001827280815,1.5130490722656251,0.7123863525390626,0.7538030700683593,1.4891165771484376,0.6747406005859375,0.7622340698242188
1.6244862060546876,1.0426114196777343,1.25209423828125,1.531479232909571,0.8764782797188697,0.9462975048117287,1.5133064575195312,0.7127933349609376,0.7534209594726562,1.4891617431640625,0.674753173828125,0.7621838989257813
1.6242187499999998,1.042896423339844,1.2520692749023437,1.5314034129665224,0.8764410146787737,0.9464495618124781,1.5136527709960936,0.7127558898925781,0.7534437866210937,1.4891964111328124,0.6747521362304688,0.762160400390625
1.6241090698242189,1.0429542846679687,1.2520359497070312,1.5313100212238535,0.876427917017855,0.9465019114053699,1.5138515014648437,0.7126317138671875,0.7533472900390625,1.48918505859375,0.67473876953125,0.76216357421875
1.6240183715820313,1.0430662841796876,1.2520027465820314,1.5312250768265818,0.8764743432733163,0.9465789943085473,1.5140574340820314,0.7133869628906251,0.752496826171875,1.4892333984375001,0.67476220703125,0.762131103515625
1.6237800903320312,1.0433040466308594,1.2519481201171876,1.5311804325344784,0.87644691942314,0.9465020817338785,1.5140599975585938,0.7130365905761719,0.7527654113769531,1.4892572021484376,0.6747567749023438,0.7621669311523438
1.623680419921875,1.0434130859375,1.2519284057617188,1.5310732270475211,0.8765011974245205,0.9465217988409472,1.5140799560546876,0.7130600891113281,0.7527077026367188,1.4892744140625,0.6747605590820313,0.7621624145507813
1.6235538330078125,1.0435903625488283,1.2518867797851563,1.5310710674127026,0.876571476789663,0.9464935699612136,1.5141236572265626,0.7130434875488281,0.7526712036132812,1.4892801513671876,0.67478076171875,0.7621531372070313
1.6234658203125,1.0436890258789062,1.2518671875,1.5309868626511471,0.8766311585278899,0.9464274855115622,1.5141786499023437,0.7130811767578125,0.7526458129882813,1.4892822265625,0.6747749633789063,0.7621408691406251
1.6233782958984375,1.0438289489746093,1.2518666381835937,1.5308956026277036,0.8766649607887383,0.9464376509940026,1.5142275390625,0.7134671325683595,0.752306396484375,1.4893079833984375,0.6747847290039063,0.7621286010742188
1.6233161010742188,1.0439584350585938,1.2518739624023438,1.5308247373784325,0.876698089265062,0.9464263158825272,1.5141588134765624,0.7130965576171875,0.7526545104980469,1.4892987060546876,0.6747703247070312,0.7621289062500001
1.623273681640625,1.0440486145019532,1.25180224609375,1.5307508140266632,0.8767317837727572,0.9464006682516802,1.5142081298828125,0.7134884948730469,0.7523300170898437,1.4892718505859375,0.6747761230468751,0.7621175537109375
1.6231259155273439,1.0442161560058594,1.2518441772460938,1.5306319417507426,0.8767583358929496,0.9463703575059337,1.5140860595703125,0.7131642761230469,0.7525937805175782,1.489293701171875,0.6747951660156251,0.7621456909179688
1.6229746704101564,1.0443649291992188,1.2517898559570313,1.530572257452123,0.8767580462341121,0.9462419728959979,1.5141014404296875,0.7131258544921875,0.7526235961914063,1.489288330078125,0.6747781372070313,0.7621500244140625
1.6228361206054687,1.0445714416503906,1.2516621704101563,1.5305398952097398,0.876927442602519,0.9463947941043077,1.51411669921875,0.7131288757324219,0.752590087890625,1.4892860107421875,0.6748086547851563,0.7621683349609375
1.6225996704101564,1.044791534423828,1.2515776367187499,1.5304666619369365,0.8768407448359147,0.9460911127189355,1.514110107421875,0.7131913452148437,0.7525965576171876,1.4892821044921876,0.674787109375,0.76217431640625
1.6224728393554688,1.0449523315429687,1.2515278930664062,1.5304719768756547,0.8768959557299401,0.946056062438208,1.514118408203125,0.7131429138183594,0.7526327514648438,1.4890020751953126,0.6748137817382812,0.762382568359375
1.62225244140625,1.045199981689453,1.2514270629882813,1.5304155090489786,0.8770653651833582,0.9462193735660652,1.514122802734375,0.7131704406738282,0.7526133728027344,1.4889674072265626,0.6747921752929688,0.7623663330078125
1.622131591796875,1.045378387451172,1.2513851318359377,1.5304080189496096,0.8770218352280834,0.9459366609752512,1.5141154785156252,0.7131806640625,0.7525674743652344,1.4891771240234375,0.6748115844726562,0.7622514038085938
1.6219252319335937,1.045578125,1.2513464965820313,1.5303741215153877,0.877141277124706,0.9459584700729465,1.5140820922851563,0.7132053527832032,0.7526057434082032,1.48932568359375,0.6747954711914063,0.7621660766601562
1.6218141479492187,1.0457115478515626,1.2512439575195313,1.5302957988800576,0.8771745675900934,0.9459313009784598,1.5140383911132813,0.7131631164550781,0.7526382446289063,1.489294677734375,0.6748128662109375,0.7621282958984376
1.6216260375976563,1.0459204711914063,1.2512232666015626,1.5302784734964583,0.8772249773278183,0.9458907612651417,1.514017578125,0.7131863708496093,0.7526445922851563,1.4892772216796875,0.6747819213867188,0.7621216430664063
1.621586669921875,1.04604541015625,1.2511128540039063,1.5302120148086429,0.8772878343297079,0.945855057907509,1.5139962158203124,0.7131951293945313,0.752615478515625,1.4893033447265625,0.67478955078125,0.7621229858398437
1.6215186157226564,1.0461492919921875,1.2510781860351563,1.5301523240548298,0.877277856445903,0.9458639755128406,1.5140293579101562,0.7131462097167969,0.7526752929687499,1.4893564453125,0.6747547607421875,0.7621627807617187
1.6214117431640624,1.0462714233398438,1.251048583984375,1.5301236156789964,0.877326395134465,0.9458392183425199,1.5140712890625,0.7131585693359375,0.7526291809082031,1.48937646484375,0.6747481689453125,0.762174560546875
1.6218262939453125,1.0460300598144532,1.2513638305664063,1.530062303929448,0.8774335125384618,0.9458301186374538,1.5140563964843752,0.7131692199707031,0.7526176452636719,1.4893435058593751,0.6747575683593751,0.7621498413085938
1.6212188110351562,1.0465179748535156,1.2509714965820313,1.5299679520470306,0.8775051165923504,0.9457926273870619,1.5140604858398439,0.7132100219726563,0.7525863037109375,1.489356689453125,0.674775146484375,0.7621616821289062
1.6211229858398437,1.0466431579589843,1.2509592895507813,1.5298957805537408,0.8775367488486921,0.9456604637916496,1.5140374755859374,0.7132323303222656,0.7525496826171876,1.4893576660156251,0.6747880859375001,0.7621457519531251
1.6210487670898437,1.046744140625,1.2509198608398437,1.529757449493269,0.8776013189687121,0.9455367495431237,1.5140375366210939,0.7132505187988281,0.7525846252441406,1.4893316650390624,0.6747858276367188,0.7621127319335937
1.6209332885742187,1.0468817443847658,1.2509046020507812,1.5297541148324219,0.8776966917267798,0.9454393408029349,1.5139413452148438,0.7134108276367188,0.7525686340332032,1.4893314208984376,0.674814208984375,0.7621110229492187
1.6208170166015625,1.0470186157226562,1.2508651123046874,1.5296426136606318,0.8777744664714119,0.9453024643408388,1.5138743896484375,0.7130635681152344,0.7528441467285156,1.4893223876953126,0.6747814331054688,0.7621196899414062
1.620627197265625,1.0472221069335939,1.2507977294921875,1.5295898801374352,0.8778746869280318,0.945158576184996,1.5140543212890625,0.7130635681152344,0.7526897583007812,1.489344970703125,0.6747535400390625,0.7621033325195312
1.6208327026367186,1.0471391296386718,1.2509910888671876,1.5294588821582347,0.8779827621747543,0.9451054812674793,1.514130126953125,0.7130686035156251,0.7526233215332032,1.4893602294921875,0.6747542724609376,0.7621318359375
1.620665283203125,1.04731640625,1.2509176025390625,1.5293546092245012,0.8782291902974045,0.9451113019516579,1.514130859375,0.7130608825683593,0.7525843811035157,1.4893740234375001,0.6747457275390625,0.7621423950195313
1.6200462036132812,1.0478023071289062,1.2505228881835937,1.5291630054158063,0.8783380620237137,0.9449144079820069,1.5140822753906251,0.713131591796875,0.7525328979492187,1.489378173828125,0.674749755859375,0.76212744140625
1.6198740234375002,1.0479469299316406,1.2503982543945313,1.5290414558714556,0.8785751562996406,0.9448340093490121,1.5140697631835938,0.7131618041992187,0.7525407409667969,1.4893695068359376,0.6747598876953125,0.7621455078125
1.6197058715820312,1.0481015624999999,1.2502884521484376,1.5288268752204295,0.8789082180714469,0.9448807374312892,1.5140839233398438,0.7131683349609375,0.7525760803222656,1.4893399658203126,0.6747775268554688,0.762132080078125
1.6195484008789063,1.0482236938476563,1.2501652221679689,1.5286387995696344,0.879113491095905,0.9448411540550498,1.5140004272460938,0.7132362670898438,0.7525326843261719,1.48931640625,0.6747930908203125,0.7621310424804688
1.61983154296875,1.0480995788574219,1.2503613891601564,1.5285260419216153,0.8794612608752449,0.9446677919074558,1.51401220703125,0.7132600708007812,0.7525299987792968,1.4892864990234376,0.67483837890625,0.7621309814453125
1.6193192138671875,1.048497802734375,1.2500114746093751,1.528506526712311,0.8796430297833183,0.9442534276429627,1.5140088500976563,0.7133203125,0.7525115661621093,1.4892497558593751,0.6749013671875,0.7621176147460937
1.6192671508789063,1.048589874267578,1.2499891967773438,1.528314066146162,0.8798013495467114,0.9441350031452532,1.513943359375,0.7133462524414063,0.7524880981445312,1.4892608642578125,0.6749003906250001,0.7620987548828125
1.61917138671875,1.0487464904785155,1.2499148559570314,1.5282539147412477,0.8799688207587587,0.9440806130255015,1.5139271240234375,0.7133530273437501,0.752505584716797,1.4892384033203125,0.6748938598632812,0.7621112060546875
1.6189510498046875,1.0489898376464843,1.24975634765625,1.5281259833564074,0.8799433899024323,0.9439264636456653,1.5139340209960936,0.7133638000488282,0.7525012512207032,1.48925341796875,0.674905029296875,0.7621112670898438
1.6187626953125,1.049212615966797,1.249620849609375,1.528040043138109,0.8798771876047479,0.9438420329709467,1.5139898681640624,0.7132789916992188,0.7524809875488281,1.4892283935546875,0.6748943481445313,0.762111572265625
1.618591247558594,1.049427734375,1.2495065307617188,1.5280139595828606,0.8799124389836164,0.9437943077839168,1.513967041015625,0.7132905883789062,0.752508544921875,1.4892764892578125,0.6748460083007812,0.7621298217773438
1.6184671020507813,1.0496588134765625,1.2494035034179687,1.527974259880342,0.8800901225888006,0.943675871441035,1.5139814453125,0.7132607727050781,0.7525081481933594,1.4892664794921875,0.6748163452148438,0.762113525390625
1.6183618774414064,1.0498071899414063,1.2493377075195313,1.5280447787388083,0.8801875206146506,0.9435300613904236,1.514021484375,0.7132169189453126,0.752505859375,1.48929296875,0.6747843627929687,0.762127685546875
1.6182305908203125,1.0499603881835937,1.2492189331054688,1.5280032715954905,0.8802153929483315,0.9433901683947861,1.5138701782226562,0.7133102416992188,0.7524144897460938,1.4892840576171875,0.6747762451171875,0.7621158447265625
1.6181739501953125,1.0500984191894531,1.2491305541992186,1.52797098004794,0.8804174189025178,0.9434313041619297,1.5138182373046876,0.7133493041992187,0.75240966796875,1.489263427734375,0.6747747802734375,0.7621016845703125
1.6180643920898439,1.0502513122558594,1.2490086669921876,1.5280354135027665,0.8807328529439507,0.9434148728504834,1.5138650512695313,0.7133512268066406,0.7524079284667968,1.4892537841796876,0.674782958984375,0.7621019287109375
1.617980712890625,1.050397216796875,1.2489207763671875,1.527925674202544,0.8808481979864015,0.9433275957123665,1.5138399047851563,0.7133801879882813,0.7523842163085938,1.489281494140625,0.6747651977539063,0.7621034545898437
1.6179160766601561,1.0505760498046874,1.2488690795898436,1.5278737187249651,0.8808370190805296,0.943179120437256,1.51386083984375,0.7133694152832031,0.7523696594238282,1.489301513671875,0.6747652587890625,0.7621239624023438
1.6178402099609377,1.050756622314453,1.2488302001953127,1.5277000478378533,0.8807241544705785,0.9429905980864912,1.5138477783203124,0.7133586730957031,0.7524230041503907,1.4893046875,0.674779052734375,0.76211767578125
1.6176990356445313,1.0509729919433595,1.2487069091796874,1.5277833860470726,0.8810342965169373,0.9430854372169506,1.5138519897460938,0.7134108276367188,0.7523815002441407,1.4893211669921875,0.674757080078125,0.76214697265625
1.618000427246094,1.0508241271972656,1.2488905639648438,1.5278062565323254,0.8811444741932875,0.9430651139611445,1.5138630981445313,0.7134024658203124,0.7524072875976563,1.489336669921875,0.6747604370117187,0.7621430664062501
1.617483581542969,1.0512983703613281,1.248506530761719,1.5278489883201045,0.8812106355522732,0.9429958053971637,1.513876953125,0.7134304504394532,0.7523779907226562,1.489350341796875,0.6747658081054687,0.7621576538085938
1.6173526611328126,1.0514842224121095,1.248409912109375,1.5278846748255484,0.8812732320194707,0.9429864806462218,1.5138711547851562,0.7134217224121093,0.7523799133300781,1.4893624267578125,0.674765869140625,0.7621580200195313
1.6172671508789063,1.0516720886230468,1.2483305053710938,1.5278831425807755,0.8813256099529593,0.9430406427697112,1.5138601074218752,0.7134546813964844,0.7523720397949218,1.4893510742187501,0.6747725219726562,0.7621396484375
1.617163269042969,1.0518685607910156,1.2482632446289061,1.5278969129695734,0.8813723085927245,0.9430498056275717,1.513864990234375,0.7134520263671875,0.7524087829589844,1.4893585205078126,0.6747901611328125,0.7621468505859376
1.6170859985351562,1.0520230712890624,1.2481932373046876,1.5278409351671833,0.8813770034025962,0.9430431035694802,1.5138719482421874,0.713452850341797,0.7523683471679687,1.4893431396484376,0.6747821044921876,0.7621342163085938
1.6170135498046876,1.0521493835449218,1.2481600341796875,1.5277663094545961,0.8813913854409454,0.9430344303315352,1.5138927001953126,0.7134382629394531,0.7523514709472656,1.489345947265625,0.6747642822265625,0.762136962890625
1.6169557495117188,1.0522884826660157,1.2480931396484376,1.5276679041429935,0.8813983457992663,0.943008550265242,1.5138428344726562,0.7134222412109374,0.7523218688964843,1.4893468017578124,0.67476416015625,0.7621229248046875
1.616936279296875,1.0523735656738282,1.2480352172851563,1.527474682847033,0.8815818640013321,0.9432568163787223,1.5138793334960938,0.713441192626953,0.7523403320312501,1.4893604736328125,0.6747622680664063,0.7621412963867188
1.6168629760742188,1.0524998168945312,1.247970397949219,1.5273944673953521,0.8816544043898813,0.9432143219507019,1.5138650512695313,0.7134178771972657,0.7523334045410157,1.4893548583984375,0.6747467041015626,0.7621731567382812
1.616799072265625,1.052646484375,1.2478812866210938,1.5273299189678982,0.8817441663085044,0.9432860884182362,1.5138187255859377,0.7134431762695312,0.7523323669433594,1.4893255615234375,0.6747761230468751,0.7621481323242187
1.6167710571289062,1.0527539672851562,1.247809265136719,1.5272891079684072,0.8817929148099796,0.9432450764137912,1.513784912109375,0.7134885559082031,0.7523653564453125,1.489341552734375,0.6747615966796875,0.762175537109375
1.6167539672851563,1.0528908691406251,1.2477801513671876,1.5272889270490053,0.8818793435858635,0.9432737378816409,1.5137981567382812,0.7135032348632813,0.7523284912109376,1.489328369140625,0.6747958984375,0.7621689453125
1.6167147216796875,1.0530523986816407,1.2477151489257814,1.527289730215751,0.8819671775481452,0.943266715298171,1.5138021240234374,0.7135238342285157,0.752308319091797,1.4893302001953126,0.6748056640625,0.7621661376953125
1.616659912109375,1.0532200622558594,1.2476231689453126,1.527330127676212,0.8820533027458322,0.9432666502327566,1.5137911987304689,0.7135458679199218,0.7523329467773437,1.4892965087890626,0.674848876953125,0.7621463623046875
1.6165682373046875,1.053380584716797,1.2475532836914063,1.5273785080166626,0.8820891872825655,0.9432581214541512,1.513836669921875,0.7135133666992188,0.7523215026855469,1.4893157958984375,0.6748546752929687,0.762172607421875
1.6165123291015626,1.0535458374023439,1.2475057373046874,1.5274212417614976,0.882088689019633,0.9432164266146948,1.5138225708007813,0.7135573120117188,0.7523449096679687,1.4893161621093751,0.674852783203125,0.7621201171875001
1.6164655151367189,1.0536802673339842,1.2474459228515626,1.5274344885057587,0.8820862393757468,0.9431756328882567,1.513715270996094,0.7136202087402344,0.7523949890136719,1.4893614501953125,0.674838134765625,0.762175048828125
1.6164515991210937,1.0537837219238282,1.2474097900390626,1.5274588371111877,0.8821280949308687,0.9431358602795542,1.5138967895507813,0.7135383300781251,0.7523666076660156,1.4893463134765625,0.6748427734375,0.762153564453125
1.616376953125,1.0539681701660157,1.247327392578125,1.5274559296278212,0.8821507516218624,0.9430194778793225,1.513872314453125,0.7135714416503907,0.7523901977539063,1.4893446044921876,0.6748544921875,0.7621441040039063
1.6163208618164062,1.0541292114257812,1.2472657470703126,1.527442740545465,0.8821780533614028,0.9430390920060229,1.5138538208007812,0.7135722351074218,0.7523611145019531,1.4893465576171876,0.67485986328125,0.7621598510742188
1.6162932739257814,1.0542882690429687,1.2472091674804688,1.5274577807488485,0.8822127960597624,0.9430276494785316,1.5137403564453127,0.7136439819335938,0.7524061889648438,1.4893631591796874,0.6749013061523438,0.7621906127929687
1.6162467651367187,1.0544426269531249,1.2471676025390623,1.5274044893140912,0.8822977877305039,0.9430747279088598,1.5138286743164062,0.7135950012207031,0.7523261108398438,1.4893150634765626,0.6749223022460937,0.762177490234375
1.6162171020507814,1.0546129150390624,1.2470927734375001,1.5273939485374222,0.8823012666723047,0.9430650766197776,1.5138907470703127,0.7136237487792969,0.7523457641601563,1.4893172607421876,0.674937255859375,0.7622108154296875
1.6161934814453125,1.0547431030273438,1.24705517578125,1.5274015389057136,0.8823243824463648,0.9430153597210248,1.5137481689453125,0.7136757202148437,0.7523721313476563,1.489332275390625,0.6749220581054688,0.7621961059570312
1.616186767578125,1.0548851013183593,1.2470164184570312,1.5274588890736762,0.8824599861869051,0.9428455847372127,1.5139449462890626,0.7135762023925781,0.7523714904785157,1.489334228515625,0.6749461059570313,0.762190673828125
1.6161966552734377,1.0549801940917969,1.2469851684570314,1.5274760766841144,0.8824646309437779,0.9427825698801794,1.5137583618164063,0.7136930236816406,0.7523809204101563,1.48932861328125,0.6749614868164062,0.7621658935546876
1.6162005004882811,1.055063690185547,1.2469807739257812,1.5275274644466093,0.8824608081879931,0.9426933644589301,1.5139423828125,0.7136253051757813,0.7523872070312501,1.4893377685546876,0.6749752807617188,0.762196533203125
1.616228271484375,1.0551402893066406,1.2469598999023437,1.5275611908338667,0.8824672764547192,0.9425676244141962,1.5139111938476564,0.71364208984375,0.7523382263183593,1.4893492431640625,0.67494091796875,0.7621987915039062
1.6162159423828126,1.0552435302734375,1.2469320678710938,1.5275865273890556,0.8824619770073513,0.9425033159497607,1.5138653564453126,0.7136540222167969,0.7523531799316406,1.4893607177734376,0.6749360961914063,0.7621981201171875
1.6162578125000002,1.05530615234375,1.2469026489257813,1.527598146293796,0.8824646214923737,0.9424947345484302,1.513892333984375,0.7136417541503907,0.7523493347167969,1.489367919921875,0.6749404907226563,0.7622188720703125
1.6162654418945313,1.055412322998047,1.2468631591796875,1.527598457202918,0.8825102848996145,0.942514304368578,1.5138666381835937,0.7136329040527344,0.7523622436523437,1.489361572265625,0.6749418334960937,0.7622130126953125
1.616273193359375,1.0555000610351564,1.2468505249023436,1.5275710405027345,0.8825208746655755,0.9425741794089744,1.513910888671875,0.7136156616210938,0.7523776550292969,1.489333740234375,0.6749669799804687,0.7622203369140625
1.6163060913085938,1.0555414123535156,1.2468426513671875,1.5275690493999645,0.8826041285819017,0.9425774951023281,1.5138693237304688,0.713633544921875,0.7523599853515626,1.4893656005859375,0.6749461669921876,0.7622169189453125
1.6162926635742187,1.0555959167480469,1.246817626953125,1.5275038810018904,0.8826316789680672,0.9425840096081091,1.5138804321289063,0.713661865234375,0.7523552551269531,1.4893321533203125,0.6749694213867188,0.7621873168945312
1.616302734375,1.0556226196289062,1.2467741088867188,1.5275328275003788,0.8826651773496837,0.942552802311189,1.5138462524414065,0.7136843566894532,0.7523357543945313,1.4893444824218751,0.674961181640625,0.762207763671875
1.6163167114257813,1.0556486206054687,1.2467397460937502,1.527522892456688,0.8826717984984777,0.9425241343889467,1.5137791137695313,0.7136792297363281,0.7523592224121094,1.4893763427734374,0.6749490356445312,0.7622111206054688
1.6163109741210937,1.0557173767089845,1.24671240234375,1.527508622969441,0.8826447682144477,0.9425366098351843,1.5137648315429688,0.7137208862304687,0.7523684997558594,1.489308837890625,0.6749757080078125,0.762201171875
1.6167313232421874,1.0554766845703125,1.2469564208984374,1.527553181168294,0.8826362905014382,0.9425307661699523,1.5138844604492188,0.7136390075683594,0.7523364868164063,1.489343017578125,0.6749514770507813,0.7621951904296875
1.6163080444335938,1.0558463439941406,1.246692138671875,1.5275715174666202,0.882597894050544,0.9425743391732404,1.513891784667969,0.7136354675292969,0.7523536376953125,1.4893861083984374,0.674926025390625,0.7622067260742188
1.6163556518554687,1.0558840637207032,1.246724853515625,1.5275691021652325,0.8825378274702711,0.9426116578536458,1.5139102783203127,0.7136159362792969,0.7523662109375,1.4893815917968751,0.6749185180664062,0.762228271484375
1.616714111328125,1.05566162109375,1.246954528808594,1.5275888026932978,0.882546202005344,0.9426055972200069,1.5137827758789064,0.7136642150878907,0.7523829650878906,1.489382080078125,0.6748973388671875,0.7622064819335937
1.6163235473632813,1.05596630859375,1.2466575927734376,1.5275937320541844,0.8825742385698193,0.9425691756033262,1.5138792114257813,0.7135991821289063,0.7523796691894531,1.4893790283203125,0.6749133911132813,0.7622244262695312
1.6167247924804689,1.0557341613769533,1.2468952026367188,1.5276244019387715,0.8826049947709147,0.9424547039312743,1.5138839721679689,0.7136126403808594,0.7523485412597657,1.489374267578125,0.6749117431640625,0.7622105102539063
1.6166949462890625,1.055765380859375,1.2468519287109374,1.5276221456248904,0.8826227903830506,0.9423132801023242,1.5138712158203127,0.7136120910644532,0.7523460693359375,1.48935791015625,0.67489404296875,0.7621985473632813
1.6166757202148438,1.0557993469238283,1.246802185058594,1.527675244793068,0.8826182474300868,0.9421471981590789,1.5138568115234374,0.7136269836425781,0.7523285217285156,1.4893502197265625,0.6749111938476563,0.7621997070312501
1.6163946533203126,1.056072967529297,1.246588134765625,1.5276744659855808,0.8826315811699855,0.9421101544920013,1.5138023071289064,0.7136499938964844,0.7523737487792969,1.489340087890625,0.6749017333984375,0.7621898193359375
1.6167324829101561,1.0559027099609375,1.2467788696289062,1.527682888808429,0.8826655864103878,0.942100384564328,1.513756530761719,0.7136761474609374,0.7523753051757813,1.48932470703125,0.6749324340820313,0.762198974609375
1.6167518920898438,1.0559261474609376,1.2467786865234376,1.5277013782185251,0.8826407102535587,0.9421374543896104,1.5139065551757813,0.7136087036132812,0.7523675231933593,1.489328369140625,0.6749521484375001,0.7622036743164062
1.6167462158203125,1.0559859008789063,1.2467373046875,1.5277464739153053,0.8826366967889673,0.9421816707069672,1.5138732299804687,0.7135993041992188,0.7523619995117188,1.4892850341796875,0.6749682006835938,0.7621972045898437
1.6167752685546875,1.0560130310058593,1.2467442016601562,1.5277782456751652,0.8825889905772668,0.9422391700551168,1.5137729492187502,0.713664520263672,0.7523719177246093,1.489299072265625,0.6749739990234375,0.7622002563476563
1.616744873046875,1.0560634460449219,1.2467451171875,1.5278574313393836,0.8825210955763126,0.9422985285225018,1.513950439453125,0.7135982666015626,0.7523641052246094,1.48929736328125,0.6750010375976563,0.7622209472656251
1.6167395629882813,1.0560920715332032,1.2467464599609375,1.5279254933624034,0.8824503341044277,0.9423909016139028,1.5139175415039063,0.71360986328125,0.7523834533691407,1.4893350830078125,0.6749507446289063,0.76218212890625
1.6167609863281251,1.056109893798828,1.2467640991210938,1.5279976839033842,0.8823117176029159,0.9424595997077369,1.5139053955078126,0.7136027221679688,0.7523621826171876,1.4893690185546875,0.6749335937500001,0.7622007446289063
1.61676025390625,1.0561667175292968,1.2467449340820314,1.5280312336908035,0.8821818181025467,0.9425595726404323,1.5138245849609375,0.7136063537597657,0.7524065551757813,1.4893707275390626,0.67489794921875,0.76220703125
